{"cameraMode":{"drawMode":0,"name":"Shaded","section":"Shading Mode"},"sceneLighting":false,"audioPlay":false,"sceneViewState":{"showFog":true,"showMaterialUpdate":false,"showSkybox":true,"showFlares":true,"showImageEffects":true,"showParticleSystems":true},"in2DMode":false,"pivot":{"x":833.984130859375,"y":24.065114974975587,"z":531.94580078125},"rotation":{"x":-0.02666272036731243,"y":-0.9733206033706665,"z":0.1578856259584427,"w":-0.1644713133573532},"size":10.379779815673829,"orthographic":false}